Workbook

Sheet KPI Summary
A1: E-commerce KPI Pack
A2: Olist marketplace · delivered orders · values in BRL
A4: Select month: | B4: 2018-08
B6: KPI | C6: Selected month | D6: Previous month | E6: Change | F6: All months
B7: Orders | C7: =INDEX(Monthly!$B$2:$B$21,MATCH($B$4,Monthly!$A$2:$A$21,0)) | D7: =IFERROR(INDEX(Monthly!$B$2:$B$21,MATCH($B$4,Monthly!$A$2:$A$21,0)-1),0) | E7: =IFERROR(C7/D7-1,0) | F7: =SUM(Monthly!$B$2:$B$21)
B8: Revenue (BRL) | C8: =INDEX(Monthly!$C$2:$C$21,MATCH($B$4,Monthly!$A$2:$A$21,0)) | D8: =IFERROR(INDEX(Monthly!$C$2:$C$21,MATCH($B$4,Monthly!$A$2:$A$21,0)-1),0) | E8: =IFERROR(C8/D8-1,0) | F8: =SUM(Monthly!$C$2:$C$21)
B9: Avg order value (BRL) | C9: =IFERROR(C8/C7,0) | D9: =IFERROR(D8/D7,0) | E9: =IFERROR(C9/D9-1,0) | F9: =IFERROR(F8/F7,0)
B10: Late delivery % | C10: =IFERROR(INDEX(Monthly!$D$2:$D$21,MATCH($B$4,Monthly!$A$2:$A$21,0))/INDEX(Monthly!$E$2:$E$21,MATCH($B$4,Monthly!$A$2:$A$21,0)),0) | D10: =IFERROR(INDEX(Monthly!$D$2:$D$21,MATCH($B$4,Monthly!$A$2:$A$21,0)-1)/INDEX(Monthly!$E$2:$E$21,MATCH($B$4,Monthly!$A$2:$A$21,0)-1),0) | E10: =C10-D10 | F10: =SUM(Monthly!$D$2:$D$21)/SUM(Monthly!$E$2:$E$21)
B11: Avg review score | C11: =IFERROR(INDEX(Monthly!$G$2:$G$21,MATCH($B$4,Monthly!$A$2:$A$21,0))/INDEX(Monthly!$F$2:$F$21,MATCH($B$4,Monthly!$A$2:$A$21,0)),0) | D11: =IFERROR(INDEX(Monthly!$G$2:$G$21,MATCH($B$4,Monthly!$A$2:$A$21,0)-1)/INDEX(Monthly!$F$2:$F$21,MATCH($B$4,Monthly!$A$2:$A$21,0)-1),0) | E11: =C11-D11 | F11: =SUM(Monthly!$G$2:$G$21)/SUM(Monthly!$F$2:$F$21)
B13: Note: the first month has no previous month, so its comparison columns show 0.

Sheet Exec Summary
A1: Executive summary
A2: Workflow: AI writes a first draft from the numbers -> analyst checks every figure against 'KPI Summary' and edits the yellow column -> only the analyst column is sent.
A4: AI draft (ollama) | B4: Analyst final (edit me) | C4: Checked? (Y/N)
A5: Top complaint: Wrong or missing item (220 negative reviews) | B5: Top complaint: Wrong or missing item (220 negative reviews) | C5: N
A7: Bullets checked: | B7: =COUNTIF(C5:C5,"Y")&" of 1"

Sheet Monthly
A1: month | B1: orders | C1: revenue | D1: late_orders | E1: orders_with_delivery_date | F1: reviews | G1: review_points | H1: AOV (BRL) | I1: Late % | J1: Avg score | K1: Revenue MoM %
A2: 2017-01 | B2: 750 | C2: 111798.36 | D2: 23 | E2: 750 | F2: 741 | G2: 3111.5 | H2: =IFERROR(C2/B2,0) | I2: =IFERROR(D2/E2,0) | J2: =IFERROR(G2/F2,0) | K2: -
A3: 2017-02 | B3: 1653 | C3: 234223.4 | D3: 53 | E3: 1653 | F3: 1643 | G3: 6905 | H3: =IFERROR(C3/B3,0) | I3: =IFERROR(D3/E3,0) | J3: =IFERROR(G3/F3,0) | K3: =IFERROR(C3/C2-1,0)
A4: 2017-03 | B4: 2546 | C4: 359198.85 | D4: 142 | E4: 2546 | F4: 2527 | G4: 10581.5 | H4: =IFERROR(C4/B4,0) | I4: =IFERROR(D4/E4,0) | J4: =IFERROR(G4/F4,0) | K4: =IFERROR(C4/C3-1,0)
A5: 2017-04 | B5: 2303 | C5: 340669.68 | D5: 181 | E5: 2303 | F5: 2290 | G5: 9475 | H5: =IFERROR(C5/B5,0) | I5: =IFERROR(D5/E5,0) | J5: =IFERROR(G5/F5,0) | K5: =IFERROR(C5/C4-1,0)
A6: 2017-05 | B6: 3546 | C6: 489338.25 | D6: 128 | E6: 3545 | F6: 3518 | G6: 14911 | H6: =IFERROR(C6/B6,0) | I6: =IFERROR(D6/E6,0) | J6: =IFERROR(G6/F6,0) | K6: =IFERROR(C6/C5-1,0)
A7: 2017-06 | B7: 3135 | C7: 421923.37 | D7: 121 | E7: 3135 | F7: 3111 | G7: 13137.5 | H7: =IFERROR(C7/B7,0) | I7: =IFERROR(D7/E7,0) | J7: =IFERROR(G7/F7,0) | K7: =IFERROR(C7/C6-1,0)
A8: 2017-07 | B8: 3872 | C8: 481604.52 | D8: 133 | E8: 3872 | F8: 3842 | G8: 16360.833 | H8: =IFERROR(C8/B8,0) | I8: =IFERROR(D8/E8,0) | J8: =IFERROR(G8/F8,0) | K8: =IFERROR(C8/C7-1,0)
A9: 2017-08 | B9: 4193 | C9: 554699.7 | D9: 139 | E9: 4193 | F9: 4165 | G9: 17957.5 | H9: =IFERROR(C9/B9,0) | I9: =IFERROR(D9/E9,0) | J9: =IFERROR(G9/F9,0) | K9: =IFERROR(C9/C8-1,0)
A10: 2017-09 | B10: 4150 | C10: 607399.67 | D10: 216 | E10: 4150 | F10: 4118 | G10: 17573.5 | H10: =IFERROR(C10/B10,0) | I10: =IFERROR(D10/E10,0) | J10: =IFERROR(G10/F10,0) | K10: =IFERROR(C10/C9-1,0)
A11: 2017-10 | B11: 4478 | C11: 648247.65 | D11: 237 | E11: 4478 | F11: 4446 | G11: 18696.5 | H11: =IFERROR(C11/B11,0) | I11: =IFERROR(D11/E11,0) | J11: =IFERROR(G11/F11,0) | K11: =IFERROR(C11/C10-1,0)
A12: 2017-11 | B12: 7289 | C12: 987765.37 | D12: 1043 | E12: 7288 | F12: 7238 | G12: 28871.5 | H12: =IFERROR(C12/B12,0) | I12: =IFERROR(D12/E12,0) | J12: =IFERROR(G12/F12,0) | K12: =IFERROR(C12/C11-1,0)
A13: 2017-12 | B13: 5513 | C13: 726033.19 | D13: 462 | E13: 5513 | F13: 5461 | G13: 22333 | H13: =IFERROR(C13/B13,0) | I13: =IFERROR(D13/E13,0) | J13: =IFERROR(G13/F13,0) | K13: =IFERROR(C13/C12-1,0)
A14: 2018-01 | B14: 7069 | C14: 924645 | D14: 464 | E14: 7069 | F14: 7013 | G14: 28814.5 | H14: =IFERROR(C14/B14,0) | I14: =IFERROR(D14/E14,0) | J14: =IFERROR(G14/F14,0) | K14: =IFERROR(C14/C13-1,0)
... A21: 2018-08 | B21: 6351 | C21: 838576.64 | D21: 660 | E21: 6351 | F21: 6330 | G21: 27284.5 | H21: =IFERROR(C21/B21,0) | I21: =IFERROR(D21/E21,0) | J21: =IFERROR(G21/F21,0) | K21: =IFERROR(C21/C20-1,0)

Sheet Categories
A1: category | B1: orders | C1: revenue | D1: avg_score | E1: Revenue share | F1: Revenue rank
A2: health_beauty | B2: 8647 | C2: 1237439.9 | D2: 4.19 | E2: =C2/SUM($C$2:$C$33) | F2: =RANK(C2,$C$2:$C$33)
A3: watches_gifts | B3: 5495 | C3: 1167246.6 | D3: 4.07 | E3: =C3/SUM($C$2:$C$33) | F3: =RANK(C3,$C$2:$C$33)
A4: bed_bath_table | B4: 9272 | C4: 1037177.7 | D4: 3.92 | E4: =C4/SUM($C$2:$C$33) | F4: =RANK(C4,$C$2:$C$33)
A5: sports_leisure | B5: 7530 | C5: 960189.09 | D5: 4.17 | E5: =C5/SUM($C$2:$C$33) | F5: =RANK(C5,$C$2:$C$33)
A6: computers_accessories | B6: 6530 | C6: 896243.28 | D6: 3.98 | E6: =C6/SUM($C$2:$C$33) | F6: =RANK(C6,$C$2:$C$33)
A7: furniture_decor | B7: 6307 | C7: 718344.78 | D7: 3.95 | E7: =C7/SUM($C$2:$C$33) | F7: =RANK(C7,$C$2:$C$33)
A8: housewares | B8: 5743 | C8: 617836.73 | D8: 4.11 | E8: =C8/SUM($C$2:$C$33) | F8: =RANK(C8,$C$2:$C$33)
A9: cool_stuff | B9: 3559 | C9: 612071.86 | D9: 4.19 | E9: =C9/SUM($C$2:$C$33) | F9: =RANK(C9,$C$2:$C$33)
A10: auto | B10: 3810 | C10: 580263.44 | D10: 4.12 | E10: =C10/SUM($C$2:$C$33) | F10: =RANK(C10,$C$2:$C$33)
A11: toys | B11: 3804 | C11: 472109.78 | D11: 4.21 | E11: =C11/SUM($C$2:$C$33) | F11: =RANK(C11,$C$2:$C$33)
A12: garden_tools | B12: 3448 | C12: 471671.27 | D12: 4.08 | E12: =C12/SUM($C$2:$C$33) | F12: =RANK(C12,$C$2:$C$33)
A13: baby | B13: 2809 | C13: 400774.42 | D13: 4.08 | E13: =C13/SUM($C$2:$C$33) | F13: =RANK(C13,$C$2:$C$33)
... A33: food | B33: 441 | C33: 28731.15 | D33: 4.26 | E33: =C33/SUM($C$2:$C$33) | F33: =RANK(C33,$C$2:$C$33)

Sheet Complaints
A1: topic | B1: negative_reviews | C1: high_urgency | D1: Share of complaints
A2: wrong_or_missing_item | B2: 220 | C2: 101 | D2: =B2/SUM($B$2:$B$8)
A3: not_received | B3: 148 | C3: 144 | D3: =B3/SUM($B$2:$B$8)
A4: damaged_or_defective | B4: 113 | C4: 89 | D4: =B4/SUM($B$2:$B$8)
A5: quality_not_as_described | B5: 101 | C5: 30 | D5: =B5/SUM($B$2:$B$8)
A6: late_delivery | B6: 94 | C6: 45 | D6: =B6/SUM($B$2:$B$8)
A7: seller_service | B7: 59 | C7: 33 | D7: =B7/SUM($B$2:$B$8)
A8: other | B8: 7 | C8: 1 | D8: =B8/SUM($B$2:$B$8)
A10: Source: AI labels of review text, provider = ollama (see results/evaluation.md for measured accuracy).
